Userid,Event_Name,Latitude,Longitude,Tweet_Timestamp,Event_Timestamp,Hashtags,Category (for our reference),Emotion,Uncertainity,NPMI,Link_Ratio,Hashtag_Ratio,User_Credibility,User_Diversity,Degree_Centrality,Tweet_Similarity,PMI
shyStork6,Womens World Cup,67.51433,173.5753,10/26/2022 15:34,10/24/2022 8:59,#womenempowerment #roselavelle #emilysonnett #carlilloyd #malpugh #women #woso #abbydahlkemper #soccerskills #kelleyohara #beckysauerbrunn #fawsl #lionesses #tobintuesday #preath #womenempowerment #portlandthornsfc #preathisreal,Sports,happy,0.919215456,0.8954089,0.464643746,0.382241369,0.11541957,0.625198659,0.514168606,0.349021674,0.773294599
jealousPolenta0,Central Pennsylvania Festival of the Arts,27.64384,-34.7157,10/30/2022 15:16,10/25/2022 13:01,#cpartsfestival #artfestival are #artfestival #art #festival #contemporaryart #artist #artwork #musicfestival #photography #music #artfest #Pennsylvania ,Social Gathering,happy,0.445912965,0.555115564,0.579958751,0.616377997,0.460110807,0.604102583,0.104783839,0.984177852,-0.208958597
cynicalHyena7,CES (Consumer Electronics Show),-55.2708,-123.103,10/30/2022 11:23,10/25/2022 17:47,#tech  #hiphop #vegasbachelorettes #nazionalit #gufo #ilbuonfabio #business #canedrocato #sema #seriea #omnia #top #treasures #scores,Summit,happy,0.728233331,0.821105961,0.42628537,0.474607018,0.643730565,0.937288772,0.856166654,0.332959677,-0.150760724
insecureRat7,Cisco Live,-34.5573,-90.8278,10/22/2022 1:00,10/26/2022 4:42,#juniper #ciscocertification #azure #business #itcertification #windows #firewall #infosec #cat #cybercrime #mcse #switching,Summit,happy,0.668309809,0.427870917,0.170093824,0.667573791,0.593259857,0.119508475,0.199868007,0.699369777,0.963944038
insecureRat7,World War 3 memorial meet,4.431105,-17.8338,10/21/2022 18:16,10/26/2022 20:20,#Dailyfluffs #WWIII #Dogs #Ducks #War #Victory #Peace,Summit,happy,0.720786365,0.477980482,0.482351174,0.278936913,0.948632344,0.684412853,0.944805357,0.518077575,-0.085748033
shyStork6,ICML 2022 (Tech conference),68.98804,-8.76678,10/28/2022 5:27,10/26/2022 21:48,#hawaii #machinelearningalgorithms #computervision #android #cloud #bhfyp #research #ieee,Summit,happy,0.846522296,0.504766917,0.33930967,0.168636459,0.699707783,0.724511127,0.665385822,0.455329763,-0.67611012
resolvedAntelope6,Wimbeldon 2022,-37.6125,57.95785,10/24/2022 17:37,10/27/2022 10:42,#volunteering #Wimbledon #firstaid #healthcare #Wimbledon2022 #howmanyicecreamsaretoomany,Sports,happy,0.926413414,0.247106545,0.5411321,0.120510107,0.47191617,0.627174627,0.483124833,0.472363825,-0.951853271
gutturalTacos8,CVPR 2022,-28.2005,100.9213,10/21/2022 17:26,10/28/2022 5:20,#cvpr #computervision #AI #neworleans,Summit,happy,0.654166525,0.792246478,0.187953425,0.360562726,0.918903971,0.647793404,0.893241202,0.290961471,0.71465474
amusedStork8,Jammu Traffic,-75.9836,-135.283,10/22/2022 7:02,10/28/2022 6:49,#NH44 #update : #heavy #Traffic #jam on #jammu -#Srinagar,Traffic,anger,0.520171581,0.35311847,0.526004952,0.541465507,0.598154687,0.913614476,0.887749901,0.800236841,-0.658177527
grumpyPiglet8,Olympics 2023,-69.658,-135.559,10/21/2022 8:27,10/28/2022 8:46,#olympics #london #japan #india #training #usa #nike #trending #sport #football  #olympics2023,Social Gathering,happy,0.467042725,0.480965157,0.556051312,0.942203617,0.386463101,0.595064963,0.540992246,0.650696272,-0.474619582
hushedChough4,PAXWest 2022,75.53302,16.20988,10/29/2022 13:21,10/28/2022 15:12,#gamedev #indiegame #gaming #game #platformergame #indiedev #actiongame #fantasygame #PAXWest #events #gamingevents,Social Gathering,happy,0.669989641,0.674115315,0.115958616,0.392927046,0.437902357,0.170244318,0.567223275,0.756861212,-0.443129319
jealousStork9,Tater Treat,51.68913,58.18005,10/30/2022 17:09,10/28/2022 21:21,#Game #TATER #Discord #GiveAway #PlayToEarn #LovePotato #CryptoNews #Competition #Reward #Games #Prizes,Social Gathering,happy,0.96360952,0.815376866,0.113447225,0.422423878,0.727138396,0.742264822,0.275198678,0.834430345,-0.503318207
similarPiglet1,CES (Consumer Electronics Show),-45.4684,21.35643,10/20/2022 12:34,10/28/2022 22:12,#ces #vegas #ch #free #vegasbound #encorebeachclub #viphost #nightclub #cosmopolitanlasvegas #wetrepublic #mgmgrand #edc ,Summit,happy,0.701094204,0.324126682,0.935247365,0.820999205,0.546536571,0.264535544,0.580845927,0.73801246,-0.965512717
pitifulMagpie1,FINA World Swimming Championships (25m),-67.5952,174.1374,10/21/2022 6:56,10/29/2022 2:35,#nadadoras #instaswim #quicklymallas #mallasquickly #swimstagram #look #swimmingpool #trajesdeba #fina #swimming #swim #swimmer #swim25m,Social Gathering,happy,0.943111377,0.629525867,0.626176169,0.777878564,0.931217563,0.756040374,0.857472846,0.610551598,-0.79034731
affectedViper9,AZ election campaign,-59.9505,119.9115,10/24/2022 18:13,10/29/2022 6:09,#leadright #BlakeMasters #AZ #election,political,happy,0.835110247,0.179927026,0.891899192,0.98976341,0.773931421,0.260268923,0.262132828,0.31989279,-0.48871155
fondLapwing2,50 Year Anniversary of Pride March,-81.8406,-137.482,10/28/2022 14:18,10/29/2022 6:55,#prideparade #pride #pridemonth #lgbtq #gay #lgbt #gaypride #gayfow #prideflag #nycpride #bisexualpride #bi #pridefest #celebration #happypride #prideparadenyc,political,happy,0.632715059,0.945198461,0.857981999,0.663773771,0.636258766,0.68465964,0.495722488,0.888502103,-0.5086316
jumpyFish2,Global Climate change strike,-23.5313,-132.779,10/31/2022 9:58,10/29/2022 13:10,#climatechange #environment #sustainability #nature #globalwarming #savetheplanet #climate #climatecrisis #ecofriendly #climateaction #zerowaste #sustainable #earth #gogreen #climatechangeisreal #plasticfree #green #sustainableliving #climateemergency #recycle #eco #pollution ,Protest,happy,0.578713464,0.927996089,0.880567441,0.168601122,0.729666816,0.504948977,0.760259229,0.245145755,-0.73887618
blissfulChowder5,FIFA World Cup,51.86039,41.90063,10/23/2022 17:01,10/29/2022 20:24,#fifa #football #soccer #messi #ronaldo #championsleague #futbol #fifaultimateteam #fifacoins #scififantasy #fifa2023,Sports,happy,0.84341458,0.803984203,0.286683764,0.258951449,0.615667003,0.169887043,0.851401941,0.27030073,-0.054210699
curiousPie7,Munich show,1.891854,-32.1458,10/23/2022 2:18,10/30/2022 3:43,#LouisTomlinson #isaacanderson #Social Gathering,Social Gathering,happy,0.444300298,0.94334643,0.353364691,0.717465788,0.112275411,0.40618669,0.978338889,0.454712302,-0.808267959
solidOryx5,Thanks Giving 2022,80.18668,71.16487,10/31/2022 18:08,10/30/2022 11:37,#thanksgiving #pumpkinpie #happythanksgivng #thanksgivingdinner #stuffing #thanksgiving2022,Social Gathering,joy,0.451361791,0.426983418,0.467638614,0.318915212,0.714262173,0.957746541,0.219054137,0.44877509,0.954299025
solidDoves5,Independence Day,6.586623,84.81801,10/30/2022 13:07,10/30/2022 11:58,#photography #redwhiteandblue #jaihind #patriotic #pakistan #independencedayindia #photooftheday #indianarmy #celebration #summer #bhfyp #follow,Public holidays,happy,0.509255988,0.192832374,0.525545536,0.54719421,0.681228707,0.501698312,0.102036712,0.820827018,-0.430082038
cruelPear2,Womens World Cup,-82.1517,28.19659,10/18/2022 22:49,10/30/2022 20:56,#womensworldcup #soccer #worldcup #football #uswnt #womenssoccer #fifa #womensfootball #alexmorgan #meganrapinoe #tobinheath #christenpress #lindseyhoran #soccerskills,Sports,happy,0.761612808,0.383586957,0.735654028,0.836400878,0.212261386,0.783781667,0.614629234,0.773313669,-0.527341447
trustingMare3,FINA World Swimming Championships (25m),13.39342,111.5908,10/23/2022 7:05,10/30/2022 21:20,#fina #swimming #swim #swimmer #o #swimmerslife #sport #iloveswimming #moda #swimwear #swimlife #waterpolo #tokyo #follow #fitness #swim25m,Social Gathering,happy,0.760484386,0.184227512,0.393422031,0.397936436,0.362200229,0.729015546,0.925429966,0.56553421,-0.626379139
worriedSnail5,Halloween Party,-15.7663,-130.417,10/29/2022 23:59,10/31/2022 1:05,#horrorart #horrorfan #halloweenparty #horrormovies #trickortreat #halloweenmakeup,Social Gathering,fear,0.630063652,0.853924689,0.909216941,0.794222324,0.213661159,0.800136408,0.168677135,0.629045475,0.101137926
puzzledCrackers2,Thanks Giving 2022,3.363116,141.5648,10/23/2022 0:15,10/31/2022 1:17,#thanksgiving #thanks #giving #socialenvy #turkeyday #turkey #christmas #thanksgivingdinner  #gratitude #holidays #givethanks #halloween #fun #enjoy,Public holidays,happy,0.82742443,0.302528305,0.953138305,0.706707931,0.561959758,0.703698147,0.204962831,0.823418519,0.889191738
hushedChough4,Thanks Giving 2022,14.9451,47.56519,10/19/2022 14:51,10/31/2022 5:06,#Fairmont #Scottsdale #stuffing #thanksgiving2022 #thanksgivingeve #thanksgivingdecor #thanksgivingclapback #thanksgivingtable,Social Gathering,joy,0.729620788,0.153738077,0.292513147,0.689078476,0.849854657,0.763844366,0.150999868,0.7704847,0.168440216
empathicFalcon3,WAR campaign,52.57082,25.59319,10/21/2022 8:45,10/31/2022 7:14,#VietnamWar #war #home #family,Summit,anger,0.571610167,0.377428265,0.362085606,0.124611822,0.903516724,0.172832555,0.511607845,0.358911688,0.42417148
chicBagels1,Thanks Giving 2022,-38.4408,-20.4277,10/25/2022 19:13,10/31/2022 8:34,#stuffing #thanksgiving2022 #thanksgivingclapback #thanksgivingfeast #thanksgivingbreak,Social Gathering,joy,0.708571433,0.277909908,0.470318028,0.861430792,0.346775438,0.559302235,0.786404501,0.416434471,0.638058936
trustingGatorade6,Labor Day,-4.9185,122.6146,10/22/2022 2:46,10/31/2022 11:45,#laborday #labordayweekend #happylaborday #labordaysale #summer #longweekend #sale ,Public holidays,happy,0.95654054,0.185353899,0.114398026,0.683816379,0.199384303,0.138398296,0.290360719,0.805604533,-0.423601526
curiousCheetah5,Thanks Giving 2022,67.62084,-16.8178,10/28/2022 11:30,10/31/2022 14:44,#thanksgiving2022 #thanksgivingweek #thanksgivingfeast #thanksgivingclapback #thanksgivingfeast #Fairmont #Scottsdale ,Social Gathering,joy,0.875190927,0.224380856,0.613200912,0.21090564,0.967515871,0.427130314,0.320450982,0.80532458,0.347167369
abjectMackerel6,Thanks Giving 2022,-12.9402,-41.7113,10/18/2022 15:15,10/31/2022 17:00,#thanksgivingdinner #stuffing #thanksgiving2022 #thanksgivingweekend #thanksgivingbreak #thanksgivingeve #thanksgivingdecor,Social Gathering,happy,0.985990365,0.216066119,0.42910516,0.687851974,0.332392257,0.235386253,0.516558599,0.816911433,0.018062142
murkyJaguar6,Halloween Party,9.360278,-167.335,10/27/2022 21:05,10/31/2022 19:25,#pumpkinpie #celebrate #fun #stuffing #pumpkin #holidayseason #happy #falldecor #spookyseason #vampire #zombie #ghost #halloween,Social Gathering,happy,0.392425802,0.909132494,0.890929126,0.900998871,0.607581887,0.566480541,0.665522451,0.268560671,-0.652579763
mildPaella4,T20WorldCup2022,-0.00178,144.1338,10/22/2022 19:36,10/31/2022 20:07,#INDvsAUS #T20WorldCup2022 #Trending,Sports,happy,0.965321787,0.369376802,0.132878043,0.973621873,0.639376986,0.647977064,0.972757584,0.354159405,-0.141191546
wingedPiglet7,Halloween Party,-41.1518,121.2777,10/20/2022 10:00,10/31/2022 20:57,#halloweenvibes #halloweeniscoming #halloweenmakeup #halloweencostume #halloweenparty #halloweenart #ghost,Social Gathering,fear,0.770719284,0.97011793,0.498351827,0.259844482,0.760791418,0.580437302,0.724370379,0.626885176,-0.428404226
aloofDoves4,Soccer Legion,-4.67709,-133.007,10/27/2022 4:30,10/31/2022 21:16,#soccer #ball #futbol #envywear,Social Gathering,happy,0.564800719,0.595246003,0.684916788,0.705715852,0.944345511,0.865018943,0.227649595,0.21575396,-0.299904374
somberStork8,Paris Strike,48.56669,155.4672,10/30/2022 18:38,10/31/2022 22:29,#BreakingNews #UltimaHora #Francia #Strike #Greve18Octobre #Huelga,Protest,happy,0.595167897,0.668327208,0.655023824,0.90423012,0.453991634,0.414458248,0.60100005,0.588700556,0.904182963
needyDinosaur5,Columbus Day,14.94252,15.35597,10/28/2022 9:17,10/31/2022 22:40,#columbusday #christophercolumbus #columbus #history #protectcolumbus #indigenous #october #repost #usa #italy #nyc #italianamericans #a #cristobalcolon #monday #italianheritage #holiday #knowcolumbus #spain #italoamericani #halloween,Public holidays,happy,0.784170343,0.1982223,0.199635754,0.533520851,0.797822753,0.321058959,0.102489037,0.654287224,0.194191386
anxiousTermite3,Halloween Party,76.86266,-68.6951,10/28/2022 22:17,10/31/2022 23:41,#halloweencostume #halloween #spooky #horror #spookyseason #stuffing #pumpkin #holidayseason,Social Gathering,fear,0.337766602,0.72561934,0.367230142,0.357176415,0.700132727,0.74158999,0.377970002,0.651249417,0.329365739
enviousChowder7,Commonwealth Games,-29.9445,113.7959,10/31/2022 4:39,11/1/2022 16:37,#games #onthisday #wrestling #badmintonplayer #olympian #badmintonindia #worldathletics #indianathlete #prideofindia #adidas #sportlife #gymnast #srilanka #vineshphogat #badmintonindonesia #wrestler,Sports,happy,0.32158119,0.646806356,0.423467481,0.846221846,0.928571045,0.161028501,0.102942022,0.872599172,-0.153039409
abjectViper6,All Saint's Day,2.412618,86.34412,10/28/2022 15:16,11/1/2022 19:25,#allsaintsday #halloween  #diadelosmuertos #dayofthedead #allsoulsday,Social Gathering,happy,0.783225161,0.353721271,0.309921361,0.18477691,0.155529294,0.361716013,0.84052041,0.717463401,0.184254788
hushedCurlew3,Kpop,25.20691,-30.2118,10/24/2022 22:53,11/2/2022 0:37,#elastincostarica #ELAST #kpop #Social Gathering,Social Gathering,joy,0.876107833,0.441574296,0.731742737,0.235659992,0.709547365,0.155504234,0.323496646,0.490660436,0.20952083
excitedMallard5,Juneteenth,73.65787,-159.344,10/28/2022 11:05,11/2/2022 6:54,#juneteenth #blacklivesmatter #blm #blackhistory #juneteenthcelebration #blackgirlmagic #blackownedbusiness #freedom #love #blackexcellence #explorepage #black #melanin #blackowned #blacklove #buyblack #june,Public holidays,happy,0.595173143,0.402176331,0.829707345,0.334258689,0.820959116,0.961276272,0.51046502,0.145514917,-0.356978735
cruelPear2,Motor Traffic,40.36957,-10.4354,10/24/2022 18:27,11/2/2022 14:49,#Traffic#Bonkers@WelshGovernment@CarmsCouncil@NiaGriffithMP,Traffic,happy,0.871029354,0.447916718,0.568836816,0.790496953,0.417295985,0.177459534,0.906954464,0.29201769,-0.810903306
mellowDoves9,Cherry Creek Arts Festival,-42.2939,65.37626,10/27/2022 1:35,11/2/2022 17:53,#CherryArts #CherryCreekArtsFestival and #ArtforEveryone,Social Gathering,happy,0.708171863,0.112183284,0.658304625,0.954686178,0.85430368,0.107918259,0.770356106,0.709549338,-0.866348468
goofyCoconut0,Juneteenth,39.74001,32.31675,10/19/2022 9:19,11/2/2022 20:38,#blacklove #buyblack #june #blackpower #atlanta #happyjuneteenth #georgefloyd #supportblackbusiness #fashion #blackbusiness #art #th #explore #blackisbeautiful #music #repost,Public holidays,happy,0.985047703,0.12529281,0.517115749,0.539688461,0.131626168,0.488102502,0.947241746,0.389275393,0.842736309
worriedIguana1,ICAI,30.21832,67.95138,10/22/2022 7:47,11/2/2022 21:19,#ICAI #Convocation #convocationindore #convocation2022,Summit,happy,0.823994776,0.761737902,0.170481272,0.88101079,0.241859507,0.858694345,0.451825656,0.917486654,-0.302466222
amazedOil0,ICML 2022 (Tech conference),60.2076,3.941237,10/18/2022 9:54,11/2/2022 23:50,#icml #icml2022 #machineLearning #cybersecurity #digitaltransformation #softwaredeveloper #code #neuralnetworks #computer #php #hawaii #research #ieee,Summit,happy,0.696799742,0.608093841,0.658586375,0.628934135,0.347130916,0.617076286,0.272586982,0.749690599,-0.398501722
fondMeerkat5,Film Festival,-85.0583,-119.054,10/26/2022 17:56,11/3/2022 10:35,#AdirondackFilmFestival #LakePlacidFilmFestival #Free #Summit #Filmmakers,Summit,happy,0.843091094,0.423270614,0.348934024,0.132113185,0.578495418,0.491871876,0.826645579,0.553562315,0.531748367
excludedSalt1,Memorial Day,-18.823,-179.371,11/1/2022 17:02,11/3/2022 12:46,#olympics #TeamCanada #CDNParalympics,Public Holidays,sadness,0.500990665,0.601903449,0.979652248,0.639005152,0.460831858,0.409544876,0.546540826,0.127293329,0.156769859
lyingWeaver1,Marine Cops Training,-78.7545,26.9761,10/29/2022 12:21,11/3/2022 16:20,#Marines #USMC #military,political,happy,0.358749687,0.142956655,0.446107197,0.864276387,0.222156247,0.447622493,0.267765062,0.386771875,-0.56590477
cynicalHyena7,Arizona Weather forecast,-70.6232,-174.687,10/25/2022 22:52,11/4/2022 2:48,#arizonaweather #arizona #azliving #arizonalife #arizonaliving #azweather #scottsdalearizona #arizonadesert #mesaaz #gilbertarizona #azlife #arizonahomes #arizonarealestate #gilbertaz,Weather forecast,happy,0.803083693,0.378288883,0.675280646,0.907067785,0.87620535,0.247696028,0.805705983,0.854580916,-0.508708783
yearningApples5,BMS Talk,-67.1328,58.31093,10/29/2022 6:25,11/4/2022 3:04,#mycology #research #events #Summit #fungi #mushrooms,Summit,happy,0.762805249,0.143324704,0.122410216,0.484428481,0.457497495,0.791702877,0.448229468,0.455484092,-0.531539699
trustingMare3,US Open,-13.4027,-109.674,10/24/2022 23:04,11/4/2022 7:05,#nike #zverev #newyork #delpotro #goat #tennislover #andymurray #tsitsipas #nole #adidas #emmaraducanu #thiem #nolefam #medvedev #fitness,Sports,happy,0.356284945,0.440406824,0.521976908,0.714253972,0.501321777,0.142652545,0.71528102,0.371528495,-0.744776631
mereFalcon0,Phoenix - Anubhav Singh Bassi Live ,85.20933,-25.0267,10/23/2022 15:10,11/4/2022 8:36,#anubhavsinghbassi #memes #standupcomedy #memesdaily #zakirkhan #abhishekupmanyu #standup #hindimemesbelike #beabassi #meme #funnymemes #standupcomedian #akashgupta #follow #aib #iitdelhi #iitkanpur #modimemes #indianstandup #modi #amityuniversity #standupcomic,Summit,happy,0.517794314,0.706796234,0.526904892,0.787320561,0.242312495,0.569874714,0.651666319,0.937342896,0.388902531
needyDinosaur5,The Dark Side of the Void event,50.99668,60.46082,10/22/2022 22:29,11/4/2022 12:16,#OutlandOdyssey #ProjectSEED #Gaming #Game #GameFi #NFT #RPG,Social Gathering,surprise,0.929889197,0.706125156,0.491199935,0.665846694,0.129038853,0.452708514,0.831359885,0.827163222,-0.021058918
aboardSheep3,Skydiving,-62.8265,159.4863,10/28/2022 16:19,11/4/2022 12:38,#skydiving #extremesports,Sports,happy,0.824856676,0.455080071,0.945998711,0.652400014,0.679183464,0.817540537,0.540713051,0.881621428,0.880697775
grizzledWidgeon2,Independence Day,-71.5264,-134.743,10/28/2022 10:18,11/4/2022 15:00,#independenceday #thofjuly #india #july #th #freedom #august #fourthofjuly #usa #love #happy #happyindependenceday #independence #america #fireworks #india,Public holidays,happy,0.739945746,0.208853459,0.166023243,0.215396081,0.810225248,0.843404539,0.484005392,0.257716516,0.774461712
mildPaella4,Special corporate Seminar,88.39103,77.14847,10/23/2022 18:02,11/4/2022 16:43,#Summit #Corporate #UAE #Business #Success #JohnOfThings,Summit,happy,0.402953585,0.133874565,0.421251846,0.398451329,0.659119927,0.37944087,0.426419179,0.720051574,-0.671593741
insecurePonie7,Platinum Jubilee Bank Holiday,-49.5004,-128.035,10/18/2022 20:43,11/4/2022 23:15, #PlatinumJuiblee #HM70,Public holidays,happy,0.880949513,0.260753147,0.767309899,0.752756323,0.550680409,0.526166941,0.206913389,0.692237671,-0.375215079
selfishSmelt6,Polkacity Metaverse,35.95476,25.17673,10/25/2022 9:37,11/4/2022 23:47,#metaverse #polc #NFT #Contest #game,Social Gathering,happy,0.80061949,0.705395788,0.812503521,0.908768607,0.861295703,0.686302375,0.485571476,0.314093792,0.930227735
wornoutFlamingo8,Champions League,19.69388,178.1894,10/23/2022 21:44,11/5/2022 8:33,#BarcelonaNapoli #UEFA #Chammpions,Sports,happy,0.485927821,0.351175293,0.381440889,0.241662889,0.803311884,0.492860502,0.738007628,0.44749355,0.331341027
boredBuck1,Kuttiyatam,-88.1117,11.81579,10/26/2022 5:56,11/5/2022 10:27,#ICCR #Kalamandalam #Watch,Social Gathering,happy,0.422615087,0.459140925,0.734748581,0.855245335,0.237175343,0.788722855,0.274269874,0.122182799,-0.320960512
gutturalTacos8,Columbus day,-67.4677,38.73876,10/21/2022 22:20,11/5/2022 12:26,#columbusday #christophercolumbus #columbus #indigenouspeoplesday #america #nativeamerican #italianamerican #savecolumbus #cristoforocolombo #italia #savecolumbusday #columbusdayweekend,Public holidays,happy,0.904013335,0.234857865,0.917394426,0.2173141,0.488298999,0.369575023,0.417283642,0.485560752,-0.528450861
lyingWeaver1,Strike Finland,-43.5657,-26.4861,10/31/2022 2:59,11/5/2022 14:41,#Russia #AtrocitiesOfKremlin #War #Kremlin #Putin #closethesky,Protest,happy,0.62131639,0.166909025,0.40337793,0.315645992,0.864853169,0.351709565,0.987687729,0.800443643,0.493331632
dejectedMuesli6,Skydiving,-59.7813,-2.00791,10/26/2022 22:56,11/5/2022 17:09,#PalmJumeirah #Flock #MondayMotivation #Skydiving #Travel #MyDubai #SkydiveDubai,Sports,happy,0.795451437,0.609209126,0.361779758,0.203456623,0.234817507,0.623542203,0.611682315,0.652652548,-0.391353599
lazyApples3,LandScape 2022,-81.8693,19.30772,10/30/2022 1:44,11/5/2022 18:03,#Summit #seminar #cpd #LANDSCAPE2022 #thenec #cpd #cpdSummit #eventslife #eventsvenue,Summit,happy,0.857533039,0.161735884,0.247493067,0.953658372,0.542989074,0.541681933,0.401209776,0.282227388,-0.489414377
solidOryx5,China town Traffic,27.92889,-45.8918,10/27/2022 21:55,11/5/2022 19:23,#Toronto #chinatown #streetphotography #signage #traffic #photo #photography #sign,Traffic,anger,0.621563588,0.197305595,0.318529632,0.702820845,0.715643762,0.936548487,0.231368727,0.297141945,0.293266743
wornoutFlamingo8,Commonwealth Games,-17.1059,55.60054,10/29/2022 8:28,11/5/2022 22:44,#weightlifting #sprinter #olympicgames #indian #gc #theflyingsikh #pvsindhu #sainanehwal #shooting #gold #instasports #legend #badmintonlovers #teamengland #games #onthisday #wrestling #badmintonplayer #olympian #badmintonindia #worldathletics #indianathlete #prideofindia #adidas #sportlife #gymnast #srilanka #vineshphogat #badmintonindonesia #wrestler,Sports,anger,0.785786521,0.85259762,0.117690163,0.667243885,0.658757059,0.669122965,0.519070992,0.192304728,0.062900274
pitifulOtter9,Mumbai Traffic updates,-58.1856,-137.469,10/21/2022 21:25,11/5/2022 23:02,#monsoon #nature #india #rain #photography #naturephotography #monsoonseason #travel #rainyday #mumbai #instagram #maharashtra #love #instagood #ig #clouds #photooftheday #incredibleindia,Traffic,anger,0.989681577,0.555433826,0.360288907,0.49080532,0.723722756,0.527021858,0.372291806,0.968220328,0.701951852
puzzledCrackers2,European Elections,22.32204,-163.73,10/18/2022 22:53,11/6/2022 3:26,#news #europarlament #slovensko #peace #europeanfashion #europeancat #evropskyparlament #travel #climatechange #europeancars #europ #europeans #italy,political,disgust,0.333553588,0.226828875,0.463696815,0.93653489,0.714780143,0.985613527,0.898555566,0.809641376,0.688576623
goofyVenison9,Movie,45.93002,84.82815,11/1/2022 3:27,11/6/2022 4:21,#Pathaan #War,Summit,surprise,0.953138009,0.380554419,0.208550445,0.195897798,0.192541428,0.326558276,0.647718217,0.699931963,0.705260725
peskySwift9,Memorial Day,-61.3556,-172.366,10/31/2022 1:47,11/6/2022 6:34,#family #memes #redwhiteandblue #instagood #photography #remember #freedom #instagram #happymemorialday #neverforget #covid #honor #army #friends #sale #nyc #fireworks #newyork,Public holidays,sadness,0.943680316,0.599658671,0.187689879,0.286816794,0.714503836,0.34211948,0.452869259,0.915607002,0.83421778
hushedCurlew3,EdTech Summit,-80.4222,-28.2967,10/19/2022 20:00,11/6/2022 11:57,#EdTech #academy #education #experience #event #schoolsoftware #grandopening #summit,Summit,happy,0.299515018,0.845996999,0.213616689,0.422773107,0.355007641,0.890804881,0.244384795,0.144321115,-0.23992697
pitifulMagpie1,Mecca Madina,63.93699,-156.482,10/28/2022 9:17,11/6/2022 12:12,#makkah #mecca #baitullah #houseofallah,Public Holidays,happy,0.966487224,0.531870222,0.302222217,0.243168905,0.70366548,0.628967783,0.403364778,0.751672744,-0.731815296
bubblyOryx4,FINA World Swimming Championships (25m),-46.3728,168.7425,10/24/2022 1:36,11/6/2022 13:45,#swimwear #fina #entrenamiento #cadda #mallasdeportivas #nadadora #mallasdenatacion #resistentesalcloro #resistentealcloro #entrenamiento #cadda #mallasdeportivas #nadadora #mallasdenatacion #resistentesalcloro #swim25m,Social Gathering,happy,0.51276316,0.485685948,0.18771806,0.976193007,0.424310102,0.712782413,0.815598027,0.673275332,-0.963950054
fondSnail9,Cisco Live,-83.0209,-105.905,10/29/2022 19:20,11/6/2022 21:06,#informationtechnology #programming #dell #ciscosystems #ipv #routing #huawei #itsupport #computer #comptia #azure #business #itcertification,Summit,happy,0.785851664,0.73580246,0.258108775,0.602759659,0.892441567,0.52575279,0.70741329,0.214153618,-0.885835531
goofyCoconut0,Olympics 2023,77.26894,1.059619,10/24/2022 12:26,11/7/2022 5:12,#running #gold #tokyo #run #sports #basketball #boxing #olympics #olympics2023,Social Gathering,happy,0.628217822,0.826982636,0.789073857,0.697643861,0.317681842,0.886313822,0.746047448,0.747715056,0.682228538
eagerMallard9,Day of the Dead,44.79027,-129.34,10/24/2022 3:10,11/7/2022 5:25,#skeleton #ofrenda #catrinamakeup #lacatrina #adelosmuertos #m #halloweenmakeup #xico #diadelosmuertosmakeup #photooftheday #losangeles #a #cempasuchil #ademuertos #dayofthedeadart,Social Gathering,fear,0.418714314,0.913334904,0.18252625,0.874932876,0.683911894,0.73145028,0.973142597,0.645140047,-0.597381562
abjectMackerel6,Olympics 2023,38.03737,-25.9456,10/25/2022 23:54,11/7/2022 9:27,#hockey #gymnastics #teamindia #yuzuruhanyu #neerajchopra #instagood #tennis #run #paralympics  #track #workout #nike #nba #karate #photography #hurdles #tokio,Summit,happy,0.815757826,0.779577907,0.497440822,0.633255266,0.344978601,0.18702932,0.713324264,0.483295484,0.047898541
ferventPlover8,US Open,-8.26145,37.32613,10/23/2022 20:38,11/7/2022 13:24,#nike #adidas #tennismatch #tennistime  #tennispro #tennisplayers #usa #rafanadal #serenawilliams #golf #djokernole #daviscup #tennistv #kyrgios #zverev #newyork,Sports,happy,0.765513234,0.375214893,0.218096626,0.102400276,0.695041532,0.198782913,0.971228176,0.829401017,-0.12500202
scornfulSnail0,Standup Comedy - Jerry Seinfeld,45.44235,-155.726,10/26/2022 8:26,11/7/2022 14:13,#standupcomedy #comedy #standup #comedian #funny #jokes #humor #comedyshow #comedians #comedyclub #memes #standupcomedian #comedia #lol #comedycentral #funnyvideos #laugh #hilarious #love #meme #fun #funnymemes #livecomedy #comedynight,Summit,joy,0.871964999,0.983305912,0.17866423,0.227843877,0.593126561,0.550883444,0.38116582,0.912107817,-0.854709101
dreadfulZebra6,Weather forecast,-44.1065,160.4625,10/24/2022 12:15,11/7/2022 16:04,#weather #nature #sky #clouds #photooftheday #photography #beautiful #love #rain,Weather forecast,happy,0.383270141,0.232612688,0.754840961,0.292987089,0.417776432,0.68965404,0.763186531,0.261045857,0.949832824
sheepishBagels1,food day meet,61.73121,95.86316,10/24/2022 22:26,11/7/2022 23:17,#worldfoodday #worldfoodday2022 #LeaveNoOneBehind #flag,Summit,happy,0.702787159,0.19376872,0.73132996,0.915883969,0.330787143,0.755836367,0.66650668,0.618246154,-0.12910298
sheepishBagels1,US Open,-82.358,-28.0682,10/22/2022 12:25,11/8/2022 2:08,#tennismatch #tennistime #wilson #babolat #tennisgirl #tenniscoach #tennispro #tennisplayers #usa #rafanadal #serenawilliams #golf #djokernole #daviscup #tennistv #kyrgios,Sports,happy,0.687122013,0.769199934,0.447521754,0.715553407,0.724224744,0.341705391,0.515957626,0.132666754,-0.930164675
amazedThrush4,Study Abroad Webinar,-16.6221,-73.1245,10/28/2022 23:51,11/8/2022 5:28,#SITStudyAbroad #NotYourOrdinaryStudyAbroad #ProfessionalDevelopment #abroad #study ,Social Gathering,happy,0.44418,0.894519222,0.551954476,0.456946377,0.322052695,0.27219212,0.725381215,0.781103169,-0.728334112
kindPear6,Diwali,-22.923,160.6402,10/28/2022 0:40,11/8/2022 9:42,#RamSetu #RamsetuDiwali25oct2022 #Diwali #AkshayKumarð“ƒµ,Public holidays,happy,0.327353813,0.397565164,0.564546263,0.506783285,0.226099391,0.823107189,0.79128545,0.712457228,0.676764078
mellowWidgeon3,Football Match,-59.1237,-38.2741,10/31/2022 15:09,11/8/2022 10:56,#UefaChampionsLeague #ChampionsLeague #ChelseavsACMilan #Chelsea,Sports,anger,0.5894405,0.128406083,0.874802685,0.297985608,0.436003126,0.411643616,0.229607188,0.538760974,-0.909906013
gleefulCheetah2,Traffic,6.527246,-145.249,10/22/2022 22:56,11/8/2022 11:10,#hwy401 #OPP #jeep #Traffic #RoadSafety #truckdriver #dashcam #trucking #Transportation #Speeding,Traffic,happy,0.633851876,0.524211754,0.908256385,0.716302289,0.811075099,0.872694341,0.58758392,0.147539507,-0.902078514
goofyVenison9,Graduation Ceremony,-10.4368,171.0932,10/31/2022 7:50,11/8/2022 11:57,#psychology #graduation #classof2022,Summit,happy,0.328303095,0.110242737,0.527016357,0.98885486,0.484339458,0.495378093,0.964064944,0.939827269,-0.799023404
selfishSmelt6,Tokyo2020,-58.8771,128.1449,10/27/2022 4:48,11/8/2022 12:33,#CollegeFootball #AutoRacing #Olympics #WideWorldofSports #AFL #NFL #MLB,Sports,happy,0.390372486,0.560361932,0.309758506,0.182067163,0.23264128,0.460167592,0.770523752,0.80319273,0.790369758
abjectViper6,Movie shoot,-48.5884,124.9654,10/30/2022 13:42,11/8/2022 15:46,#ps1 #shootdiaries #actor #sendhanamudhan #sendhan #horseriding,Summit,happy,0.343632158,0.801444581,0.229945631,0.65273241,0.627242423,0.600758401,0.859562438,0.214320649,0.811400744
fondMeerkat5,Hungama Concert,-84.6789,-38.5585,10/31/2022 23:45,11/8/2022 18:23,#atif #aslam #atifaslam #honeysingh #aadee #aadeez http://instagram.com/p/ePbEu5THHO/,Social Gathering,joy,0.580452016,0.173659517,0.353766741,0.201719347,0.521460729,0.638595906,0.642653945,0.595075768,-0.690307745
aloofDoves4,AZ election campaign,-7.26269,-119.248,10/21/2022 11:30,11/8/2022 21:21,#ONEV1 #DemVoice1 #Dems4USA,political,happy,0.291383908,0.7564145,0.425698311,0.840260804,0.508687278,0.616834979,0.610398457,0.459518042,0.842689165
grumpyPiglet8,Independence Day,-57.9367,-146.17,10/23/2022 9:51,11/9/2022 1:10,#thaugust #art #starsandstripes #flag #holiday #celebrate #indonesia #instadaily #bharat #family #trending #travel #indianflag #thindependenceday #sale #merdeka,Public holidays,happy,0.446435435,0.394238511,0.54991074,0.168955992,0.912759823,0.630279598,0.145525012,0.711168408,0.753244431
trustingGatorade6,traffic Jam...at Akurli Road,29.18944,105.7971,10/24/2022 16:23,11/9/2022 4:34,#Traffic #TrafficAlert #TrafficUpdate #autorickshaw,Traffic,anger,0.837526294,0.498495212,0.540902075,0.909636614,0.238844894,0.420967366,0.500621155,0.187823059,-0.591668085
ardentPolenta8,Football Match,75.11071,86.39842,10/28/2022 23:48,11/9/2022 5:29,#PARJUV | #UCL #PSGvsJuventus #PSGJUV #Juventus #ChampionsLeague,Sports,happy,0.900494678,0.475838617,0.372160546,0.866106677,0.10415374,0.441111099,0.426833085,0.309305463,-0.180478615
soreViper3,CES (Consumer Electronics Show),74.71425,40.60053,10/21/2022 10:49,11/9/2022 11:57,#drais #xs #hiphop #vegasbachelorettes #lasvegasstrip #omnia #top #treasures #scores #spearmintrhino #bottleservice #sapphiregentlemensclub #tech #ces #vegas #ch #free #vegasbound,Summit,happy,0.437525967,0.666370565,0.842919064,0.403452873,0.696741754,0.395338987,0.613775532,0.81843794,0.674093835
eagerMallard9,Post Malone,-58.3833,-125.245,10/18/2022 13:52,11/9/2022 17:32,#ampitup #aldanaamphitheatre #liveataldana #bahrain #Social Gathering,Social Gathering,happy,0.77046464,0.411121491,0.895563934,0.523691162,0.202454737,0.441020796,0.403383455,0.124269501,0.397973044
resolvedAntelope6,European Elections,1.349627,-147.096,10/24/2022 4:59,11/9/2022 19:34,#europ #europeans #italy  #belgium #strasbourg #thefutureisyours #eusolidarity #europeansociety #epp #eppgroup #news #europarlament #slovensko #peace #europeanfashion,political,happy,0.894838578,0.220533462,0.206839235,0.633576185,0.662800818,0.606579027,0.883559881,0.694147372,0.499350634
worriedSnail5,Olympics 2023,-82.9719,104.9006,11/1/2022 9:14,11/9/2022 19:38,#karate #photography #hurdles #tokio #figureskating #iceskating #skating #cheer  #olympics2023,Social Gathering,happy,0.68542481,0.650732083,0.564044611,0.480832406,0.67925329,0.874540379,0.424509737,0.485390845,-0.050546713
solemnBaboon2,I-395 Highway Traffic,88.5141,87.78143,10/30/2022 1:26,11/9/2022 20:26,#traffic #vatraffic #dctraffic #395cam,Traffic,happy,0.794213889,0.811418179,0.671729003,0.333628917,0.784127505,0.810254028,0.768825774,0.17641056,-0.602185616
ardentPolenta8,Cisco Live,-50.6327,112.0616,11/1/2022 19:30,11/9/2022 23:46,#juniper #ciscocertification #ubiquiti #data #vmware #cisconetworking #iot #certification #devops #networkadmin #informationtechnology #programming #dell,Summit,happy,0.973415822,0.984613977,0.891006301,0.330820741,0.353848329,0.465137892,0.906237913,0.123017115,0.875314869
solemnBaboon2,GOBELINS' Youtube channel,-10.7821,-155.196,11/1/2022 22:19,11/10/2022 0:05,#animation #2danimation #graduation #digitalart #characterdesign,Summit,happy,0.554781272,0.604294474,0.812062354,0.636303027,0.115066885,0.798282407,0.647952963,0.790364236,0.157834924
pitifulCod8,FIFA World Cup,48.80615,-146.179,10/18/2022 4:28,11/10/2022 4:30,#fifafanfest #fifa2023 #fifapack #fifaplayers #fifafut #fifawwc #fifalegend #fifaworldcup2023 #fifaluck #eafifa #fifacoins #scififantasy #fifa2023 #ronaldo #championsleague #futbol #fifaultimateteam,Social Gathering,happy,0.798780381,0.897160175,0.233893003,0.938789019,0.51234518,0.353350085,0.964337732,0.263366572,-0.499763589
dreadfulZebra6,ICICT 2022,-49.1274,148.8465,10/27/2022 6:59,11/10/2022 7:37,#ICICT2022 #Summit #Conference #KIET #IoT #AI,Summit,happy,0.440319612,0.319410363,0.606108355,0.840239943,0.556956023,0.245727541,0.749827632,0.176309992,-0.564059205
insecureDotterel1,Ireland horse riding,-33.1591,-101.719,10/27/2022 6:17,11/10/2022 11:29,#ballycastle #NorthernIreland #northcoast #visitcauseway #causewaycoast #horseriding #photography #games,Sports,happy,0.573570918,0.484265794,0.358403588,0.476711276,0.601862847,0.625722234,0.28469966,0.257863135,-0.467904214
cruelPie4,Skydiving,51.8168,-146.376,10/23/2022 10:56,11/11/2022 14:20,@skydivedubai@visitdubai#skydiving #skydive #skydivingadventure,Sports,happy,0.503948127,0.45727893,0.643165122,0.420709727,0.271057851,0.660232763,0.296399463,0.655668998,0.837552291
alertTacos3,Cloud Summit,9.195103,-125.774,10/19/2022 1:26,11/11/2022 16:24,#cloud #data #technology #cloudcomputing #bigdata #mumbai #summit,Summit,happy,0.525510365,0.496879197,0.608824217,0.501830856,0.879606251,0.597468916,0.292740301,0.386420722,0.888951856
outlyingChough9,50 Year Anniversary of Pride March,-8.7314,-69.3565,10/31/2022 5:25,11/11/2022 18:47,#transgender #lgbtrights #parade  #queerlove #trans #happy #lgbtyouth #queerlife #followers #gaylovegay #husbandandhusband #husbandappreciation #husbandandhusbandhappy,political,joy,0.844246841,0.353607229,0.918906848,0.54297515,0.832586572,0.50759354,0.542181089,0.971448453,0.046058222
boredBuck1,Memorial Day,88.00547,-159.808,10/25/2022 16:03,11/11/2022 23:25,#art #follow #weekend #patriotic #thankful #beach #holiday #grateful #fitness #veteran #party #navy #airforce #memorialweekend #bbq #travel #marines #quarantine #memorialdaybbq #nyc #fireworks #newyork,Public holidays,happy,0.552088504,0.253205763,0.156415422,0.984009547,0.75961129,0.382256471,0.63686954,0.670067361,0.56812551
insecureDotterel1,Mecca Madina,-21.5499,-140.156,10/25/2022 17:15,11/12/2022 0:10,#macca #JummaMubarak #ShutUpTanveerIlyas,Public Holidays,happy,0.622635849,0.711497713,0.486355905,0.599496283,0.542555139,0.142286449,0.530341426,0.959723618,-0.844318167
mellowDoves9,Wimbeldon 2022 Final,-37.6125,57.95785,10/28/2022 0:24,11/12/2022 11:05,#Wimbledon #WimbledonFinal #Wimbledon2022 #Tennis #ATP #atptour #NickKyrgios #NovakDjokovicvsNickKyrgios #NovakDjokovic,Sports,happy,0.552265677,0.794703307,0.912348102,0.201130606,0.291900621,0.176677755,0.727266839,0.221007929,0.978189166
fondLapwing2,Kannan Gill - Standup,23.18061,165.563,10/23/2022 19:53,11/12/2022 12:51,#kanangill #kennysebastian #comedy #standupcomedy #netflix #biswakalyanrath #sketchybehaviour #standup #yourssincerely #funny #netflixindia #comicstaan,Summit,joy,0.627926477,0.126320742,0.701044176,0.491230489,0.792553184,0.832550706,0.549256474,0.757709248,0.029291813
mellowWidgeon3,Flight strike,-5.18652,-160.423,10/31/2022 23:39,11/12/2022 15:14,#kwaraconnect #Ilorin #kwara #Durbar #ilorindurbar #festiwal #emirates #horse #horseriding #horsepower #tournigeria #culture #african #africanculture,Protest,anger,0.874797074,0.279137285,0.146909211,0.310860158,0.334811494,0.522498401,0.706058569,0.423051004,0.590430214
chicBagels1,Motivational Talks,18.94771,160.0723,10/29/2022 7:05,11/13/2022 1:18,#joshtalks are #successfultips #motivationsaturday #motivationquotesoftheday #enterpreneurquotes #motivationpage #sandipmaheshwari #ceoquotes #thoughtleader #fuckbitchbecomerich #achievers,Summit,happy,0.646566572,0.344884847,0.47044588,0.100472671,0.493016723,0.677834225,0.877166803,0.431938055,-0.491665406
jealousStork9,Global Climate change strike,-48.6757,151.7085,11/1/2022 7:31,11/13/2022 4:07,#savetheearth #reuse #conservation #ocean #gretathunberg #art #love #noplanetb #plasticpollution #biodiversity #wildlife #energy #cop #ecology #noplastic,Protest,anger,0.872695058,0.451651046,0.956028387,0.358079585,0.365068519,0.110220699,0.961331519,0.627385804,0.188583766
thrilledEland2,WAR campaign,4.246271,-85.5722,10/20/2022 11:18,11/13/2022 6:32,#UNHumanRights #ICHREE #UN #USAID #war,Summit,anger,0.728827385,0.127068367,0.972060167,0.708181735,0.483055814,0.48500826,0.290267026,0.116902641,-0.097441385
eagerPonie7,Memorial Day,-56.8023,-51.1205,10/26/2022 0:36,11/13/2022 11:05,#memorialday #memorialdayweekend #usa #love #america #memorial #memorialdaysale #mdw #like #memories #military #veterans #summer #thankyou #photooftheday,Public holidays,sadness,0.556180562,0.709326598,0.39922452,0.786965822,0.727111867,0.900616996,0.862622572,0.603726807,-0.945217292
soreViper3,50 Year Anniversary of Pride March,7.008686,48.91296,10/27/2022 9:19,11/13/2022 21:48,#bipride #nyc #w #gayman #gaycouple #prideparade #pride #pridemonth #lgbtq #gay #lgbt #tbtfollowers #nonbinary #pridemakeup #prideandjoy #prideweek #music,Public holidays,joy,0.75517297,0.259476343,0.101655063,0.627826718,0.276045801,0.385310363,0.365192862,0.348629655,0.464883086
kindPear6,Farmer's protest,-84.538,82.1884,10/31/2022 14:27,11/13/2022 22:36,"#FarmersProtest, #standwithfarmerschallenge, #SpeakUpForFarmers, #iamwithfarmers, #kisanektazindabaad, #tractor2twitter, #isupportfarmers",Protest,disgust,0.937093044,0.728519688,0.589199092,0.435151849,0.295039431,0.147864563,0.398325951,0.857687675,0.152002707
relievedQuiche6,Olympics 2023,45.48438,-143.392,10/25/2022 0:16,11/13/2022 23:27,#sport #football #running #gold #tokyo #run #sports #olympics #london #japan #india  #olympics2023,Social Gathering,anger,0.599034926,0.650268343,0.697794948,0.173515837,0.612911064,0.648349988,0.143265313,0.191271199,-0.21122135
jealousPolenta0,Ukrain bombed,-32.5905,-13.6689,10/20/2022 10:27,11/14/2022 15:38,#war #UkraineRussianWar #ukraine #Kyiv #putin #PutinIsaWarCriminal #PutinWarCrimes #ukrainewar #ukrainewarvideos #constantcontent,Protest,disgust,0.647534797,0.766672677,0.39062956,0.635605172,0.188140793,0.30935443,0.395121872,0.683650239,0.154764442
excitedSalt0,Juneteenth,38.95683,-104.527,10/30/2022 19:35,11/14/2022 17:07,#hiphop #nyc #blackculture #blackgirlsrock #smallbusiness #blackwomen #melaninpoppin #independenceday #culture #nojusticenopeace #unity #fortheculture #blackhistorymonth #slavery #supportblackownedbusinesses,Public holidays,happy,0.958770041,0.707098333,0.780243469,0.22850439,0.844585284,0.437412007,0.675071068,0.477928818,0.437826085
enviousChowder7,Independence Day,41.94784,99.9544,10/18/2022 16:21,11/15/2022 4:02,#agustus #like #proudindian #fashion #merica #indianindependenceday #godblessamerica #americanflag #covid #explore #delhi #happyfourthofjuly #nature #nigeria,Public holidays,happy,0.782086516,0.675139842,0.780131229,0.547212919,0.818883921,0.587067534,0.231022299,0.46532836,-0.282151328
mellowFerret8,Olympics 2023,6.100357,0.52602,10/31/2022 14:58,11/15/2022 10:47,#basketball #boxing #nba #swimming #athlete #champion #olympics  #olympics2023,Social Gathering,happy,0.626730591,0.206662512,0.20989206,0.578766594,0.407082128,0.544318296,0.362027941,0.204605899,0.790192005
ferventPlover8,Boxing Day,-17.8558,-164.927,10/25/2022 5:20,11/15/2022 13:27,#boxer #training #boxingdrills #kickboxing #boxingfans #boxingfitness #muaythai #fighter #motivation #boxingfamily #workout #champion #boxingislife #boxinggirl #gym #muhammadali,Public holidays,anger,0.697961041,0.841067627,0.63956072,0.588413875,0.918030086,0.468236481,0.237111428,0.674542538,-0.673780003
somberFish6,BTS,-37.9057,51.13402,11/1/2022 16:21,11/15/2022 14:31,#Allofjm_TH #HappyBirthdayJIMIN #JIMIN #HappyJiminDay #bts #bangtan #birthdaygallery,Social Gathering,joy,0.316781153,0.279554414,0.699883389,0.735829141,0.552116015,0.442456535,0.560195904,0.962788135,0.251266252
alertDunbird7,TommorowLand Concert,18.2779,80.41445,10/25/2022 16:39,11/15/2022 18:34, #tommorow #land,Social Gathering,happy,0.817118813,0.484188436,0.689038891,0.77246451,0.817803704,0.248618074,0.290820867,0.856814412,-0.023263751
pitifulOtter9,Traffic updates,86.69507,70.23403,10/22/2022 21:27,11/16/2022 3:12,#latraffic #losangeles #freeway #ladrivers #driving #losangelestraffic #la #latrafficsucks #follow #lalife #california #commute #cars #truck #socal #sanfranciscotraffic #traffic #backpackboyz #laattorney #losangeleslawyer #autoaccident #sflawyer #californiaautoaccident #autoaccidentattorney #trafficaccidents #californiaattorney #sanfranciscolawfirm #californiapersonalinjury #sflawfirm #sfattorney,Traffic,happy,0.533560767,0.910147201,0.300510703,0.805567351,0.700592727,0.723092043,0.894867366,0.935802972,0.139825231
insecurePonie7,Football Match,-26.9109,-11.9469,10/31/2022 16:52,11/16/2022 18:37,#BarcaBayern #barcelonavsBayern,Sports,happy,0.575839516,0.347284082,0.951536598,0.412372497,0.173627458,0.199294998,0.316873787,0.445037297,0.840115353
chicThrush1,European Elections,82.99778,113.3553,10/20/2022 14:40,11/17/2022 8:37,#europ #europeans #italy #brexit #ig #coronavirus #maps #bruxelles #map #ep #romania #humanrights #thistimeimvoting #belgium #strasbourg #thefutureisyours #eusolidarity #europeansociety,political,anger,0.909708271,0.78724771,0.212649159,0.361949832,0.433118903,0.689162032,0.779744182,0.913352221,0.755041111
lazyApples3,Bieber Concert,-15.9252,5.190541,10/20/2022 15:53,11/17/2022 13:35,#selenagomez #justinbieber #madhuridixit #mymindandme #haileybieber #mamaraazzi,Social Gathering,happy,0.754880454,0.615576197,0.368186414,0.593504061,0.542380921,0.329096795,0.616188447,0.371946947,-0.467883876
tautMussel3,T20WorldCup2022,-0.00178,144.1338,10/25/2022 15:48,11/18/2022 11:02,#T20WC2022 #ShaheenShahAfridi #shaheenafridi #PAKvsAFG #WarmUpMatch #T20WorldCup2022,Sports,happy,0.769112429,0.386954459,0.613911958,0.304977553,0.235059075,0.341807087,0.487786762,0.945818805,-0.838063447
blissfulChowder5,Weeknd Concert,-80.8513,101.013,10/29/2022 0:34,11/19/2022 12:46,#TheWeeknd #AfterHoursTilDawnTour #Abel #xo #XOTWOD #Weeknd,Social Gathering,surprise,0.817236777,0.338820217,0.728072296,0.27860103,0.101517665,0.902002679,0.345424015,0.939342606,-0.230547053
amazedThrush4,Christmas'22,88.38288,-110.817,10/20/2022 20:50,12/25/2022 7:23,#santaclaus #december #noel #art#family #snow #photography #merrychristmas #Sydney,Public holidays,happy,0.451706168,0.104703927,0.639527931,0.801856135,0.894810657,0.815000642,0.423839975,0.591208969,-0.045871944
amazedOil0,Christmas'22,81.53937,27.93423,10/24/2022 16:57,12/25/2022 3:42,#christmas #christmastree #christmasdecor #xmas #merrychristmas #love #christmastime #winter  #christmasdecorations #holidays #Sydney,Social Gathering,joy,0.520955762,0.408674603,0.859595468,0.632828038,0.367534523,0.674598298,0.746454876,0.304814868,0.983407272
worriedIguana1,Christmas'22,-3.37644,111.4191,10/31/2022 12:15,12/25/2022 8:40,#christmastree #christmasdecor #xmas #merrychristmas #christmasgifts #santa #christmasiscoming #christmasdecorations #holidays #family #snow #photography #Bali #Indonesia,Social Gathering,happy,0.611050754,0.105328029,0.927897185,0.337789537,0.282433289,0.635597161,0.764845811,0.728231064,0.95607271
jealousOcelot7,Christmas'22,-2.33507,139.9228,10/24/2022 19:03,12/25/2022 22:41,#xmas #merrychristmas #santaclaus #december #noel #art #family #snow #photography #gifts #weihnachten #Bali #Indonesia,Social Gathering,happy,0.535142406,0.87312157,0.844068114,0.145936502,0.598223317,0.566416261,0.375486331,0.706441075,0.197382651
humorousOcelot5,Christmas'22,-22.7111,-46.2062,10/26/2022 20:01,12/25/2022 22:30,#xmas #merrychristmas #santa #christmasiscoming #christmasdecorations #gifts #weihnachten  #christmastree #christmasdecor,Festivals,happy,0.939334057,0.379480553,0.8849113,0.509570317,0.670814892,0.410503963,0.470584863,0.961842443,0.716853002
grumpyBoars7,Christmas'22,-73.8,-169.601,10/30/2022 14:55,12/25/2022 17:43,#christmas #christmastree #christmasdecor #xmas #santa #christmasiscoming #christmasdecorations #santaclaus #december #noel #art#family #snow #photography,Festivals,joy,0.638805417,0.763175986,0.343656056,0.497514318,0.855800865,0.349996392,0.206068622,0.253341082,-0.81695549
